chrom	start	end	gene	feature_type
1	5852804	5862803	NPHP4	Flanking Down
1	5862804	5863264	NPHP4	UTR3
1	5863265	5863405	NPHP4	Exon/CDS
1	5863406	5863889	NPHP4	Intron
1	5863890	5864033	NPHP4	Exon/CDS
1	5864034	5864337	NPHP4	Intron
1	5864338	5864517	NPHP4	Exon/CDS
1	5864518	5865101	NPHP4	Intron
1	5865102	5865273	NPHP4	Exon/CDS
1	5865274	5866372	NPHP4	Intron
1	5866373	5866458	NPHP4	Exon/CDS
1	5866459	5867029	NPHP4	Intron
1	5867030	5867115	NPHP4	Exon/CDS
1	5867116	5867739	NPHP4	Intron
1	5867740	5867896	NPHP4	Exon/CDS
1	5867897	5873251	NPHP4	Intron
1	5873252	5873335	NPHP4	Exon/CDS
1	5873336	5874470	NPHP4	Intron
1	5874471	5874657	NPHP4	Exon/CDS
1	5874658	5874873	NPHP4	Intron
1	5874874	5875100	NPHP4	Exon/CDS
1	5875101	5877092	NPHP4	Intron
1	5877093	5877298	NPHP4	Exon/CDS
1	5877299	5880113	NPHP4	Intron
1	5880114	5880239	NPHP4	Exon/CDS
1	5880240	5887285	NPHP4	Intron
1	5887286	5887466	NPHP4	Exon/CDS
1	5887467	5890867	NPHP4	Intron
1	5890868	5891028	NPHP4	Exon/CDS
1	5891029	5904616	NPHP4	Intron
1	5904617	5904804	NPHP4	Exon/CDS
1	5904805	5905291	NPHP4	Intron
1	5905292	5905483	NPHP4	Exon/CDS
1	5905484	5905631	NPHP4	Intron
1	5905632	5905783	NPHP4	Exon/CDS
1	5905784	5907114	NPHP4	Intron
1	5907115	5907222	NPHP4	Exon/CDS
1	5907223	5909151	NPHP4	Intron
1	5909152	5909213	NPHP4	Exon/CDS
1	5909214	5927648	NPHP4	Intron
1	5927649	5927787	NPHP4	Exon/CDS
1	5927788	5933146	NPHP4	Intron
1	5933147	5933329	NPHP4	Exon/CDS
1	5933330	5947103	NPHP4	Intron
1	5947104	5947230	NPHP4	Exon/CDS
1	5947231	5948069	NPHP4	Intron
1	5948070	5948251	NPHP4	Exon/CDS
1	5948252	5952699	NPHP4	Intron
1	5952700	5952836	NPHP4	Exon/CDS
1	5952837	5961793	NPHP4	Intron
1	5961794	5961949	NPHP4	Exon/CDS
1	5961950	5967298	NPHP4	Intron
1	5967299	5967363	NPHP4	Exon/CDS
1	5967364	5969086	NPHP4	Intron
1	5969087	5969259	NPHP4	Exon/CDS
1	5969260	5978269	NPHP4	Intron
1	5978270	5978413	NPHP4	Exon/CDS
1	5978414	5986154	NPHP4	Intron
1	5986155	5986289	NPHP4	Exon/CDS
1	5986290	5993455	NPHP4	UTR5
1	5993456	6003455	NPHP4	Flanking UP
1	155175824	155185823	MUC1	Flanking Down
1	155185824	155186134	MUC1	UTR3
1	155186135	155186209	MUC1	Exon/CDS
1	155186210	155187224	MUC1	Intron
1	155187225	155187374	MUC1	Exon/CDS
1	155187375	155187454	MUC1	Intron
1	155187455	155187576	MUC1	Exon/CDS
1	155187577	155187721	MUC1	Intron
1	155187722	155187858	MUC1	Exon/CDS
1	155187859	155188007	MUC1	Intron
1	155188008	155188063	MUC1	Exon/CDS
1	155188064	155188162	MUC1	Intron
1	155188163	155188616	MUC1	Exon/CDS
1	155188617	155191907	MUC1	Intron
1	155191908	155192283	MUC1	Exon/CDS
1	155192284	155192785	MUC1	Intron
1	155192786	155192843	MUC1	Exon/CDS
1	155192844	155192916	MUC1	UTR5
1	155192917	155202916	MUC1	Flanking UP
1	179540494	179550493	NPHS2	Flanking Down
1	179550494	179551172	NPHS2	UTR3
1	179551173	179551451	NPHS2	Exon/CDS
1	179551452	179552602	NPHS2	Intron
1	179552603	179552681	NPHS2	Exon/CDS
1	179552682	179554475	NPHS2	Intron
1	179554476	179554531	NPHS2	Exon/CDS
1	179554532	179557026	NPHS2	Intron
1	179557027	179557230	NPHS2	Exon/CDS
1	179557231	179559678	NPHS2	Intron
1	179559679	179559761	NPHS2	Exon/CDS
1	179559762	179561288	NPHS2	Intron
1	179561289	179561361	NPHS2	Exon/CDS
1	179561362	179564689	NPHS2	Intron
1	179564690	179564793	NPHS2	Exon/CDS
1	179564794	179575590	NPHS2	Intron
1	179575591	179575864	NPHS2	Exon/CDS
1	179575865	179575952	NPHS2	UTR5
1	179575953	179585952	NPHS2	Flanking UP
1	196641754	196651753	CFH	Flanking UP
1	196651754	196652117	CFH	UTR5
1	196652118	196652175	CFH	Exon/CDS
1	196652176	196672977	CFH	Intron
1	196672978	196673163	CFH	Exon/CDS
1	196673164	196673856	CFH	Intron
1	196673857	196673962	CFH	Exon/CDS
1	196673963	196675988	CFH	Intron
1	196675989	196676065	CFH	Exon/CDS
1	196676066	196677475	CFH	Intron
1	196677476	196677667	CFH	Exon/CDS
1	196677668	196679622	CFH	Intron
1	196679623	196679793	CFH	Exon/CDS
1	196679794	196685063	CFH	Intron
1	196685064	196685237	CFH	Exon/CDS
1	196685238	196689419	CFH	Intron
1	196689420	196689614	CFH	Exon/CDS
1	196689615	196690062	CFH	Intron
1	196690063	196690239	CFH	Exon/CDS
1	196690240	196713734	CFH	Intron
1	196713735	196713917	CFH	Exon/CDS
1	196713918	196715592	CFH	Intron
1	196715593	196715769	CFH	Exon/CDS
1	196715770	196725120	CFH	Intron
1	196725121	196725297	CFH	Exon/CDS
1	196725298	196726469	CFH	Intron
1	196726470	196726652	CFH	Exon/CDS
1	196726653	196726760	CFH	Intron
1	196726761	196726940	CFH	Exon/CDS
1	196726941	196728345	CFH	Intron
1	196728346	196728522	CFH	Exon/CDS
1	196728523	196736823	CFH	Intron
1	196736824	196737006	CFH	Exon/CDS
1	196737007	196737474	CFH	Intron
1	196737475	196737660	CFH	Exon/CDS
1	196737661	196740618	CFH	Intron
1	196740619	196740792	CFH	Exon/CDS
1	196740793	196741874	CFH	Intron
1	196741875	196742051	CFH	Exon/CDS
1	196742052	196743451	CFH	Intron
1	196743452	196743628	CFH	Exon/CDS
1	196743629	196745816	CFH	Intron
1	196745817	196745999	CFH	Exon/CDS
1	196746000	196747110	CFH	Intron
1	196747111	196747313	CFH	Exon/CDS
1	196747314	196752476	CFH	UTR3
1	196752477	196762476	CFH	Flanking Down
1	207742037	207752036	CD46	Flanking UP
1	207752037	207752212	CD46	UTR5
1	207752213	207752309	CD46	Exon/CDS
1	207752310	207757013	CD46	Intron
1	207757014	207757202	CD46	Exon/CDS
1	207757203	207757539	CD46	Intron
1	207757540	207757642	CD46	Exon/CDS
1	207757643	207759638	CD46	Intron
1	207759639	207759724	CD46	Exon/CDS
1	207759725	207761248	CD46	Intron
1	207761249	207761446	CD46	Exon/CDS
1	207761447	207767012	CD46	Intron
1	207767013	207767195	CD46	Exon/CDS
1	207767196	207767778	CD46	Intron
1	207767779	207767823	CD46	Exon/CDS
1	207767824	207770320	CD46	Intron
1	207770321	207770362	CD46	Exon/CDS
1	207770363	207783291	CD46	Intron
1	207783292	207783330	CD46	Exon/CDS
1	207783331	207785070	CD46	Intron
1	207785071	207785106	CD46	Exon/CDS
1	207785107	207785618	CD46	Intron
1	207785619	207785682	CD46	Exon/CDS
1	207785683	207790252	CD46	Intron
1	207790253	207790304	CD46	Exon/CDS
1	207790305	207795513	CD46	UTR3
1	207795514	207805513	CD46	Flanking Down
2	70925771	70935770	ATP6V1B1	Flanking UP
2	70935771	70935954	ATP6V1B1	UTR5
2	70935955	70936072	ATP6V1B1	Exon/CDS
2	70936073	70943657	ATP6V1B1	Intron
2	70943658	70943713	ATP6V1B1	Exon/CDS
2	70943714	70958045	ATP6V1B1	Intron
2	70958046	70958144	ATP6V1B1	Exon/CDS
2	70958145	70958332	ATP6V1B1	Intron
2	70958333	70958426	ATP6V1B1	Exon/CDS
2	70958427	70959017	ATP6V1B1	Intron
2	70959018	70959095	ATP6V1B1	Exon/CDS
2	70959096	70959938	ATP6V1B1	Intron
2	70959939	70960078	ATP6V1B1	Exon/CDS
2	70960079	70960920	ATP6V1B1	Intron
2	70960921	70961022	ATP6V1B1	Exon/CDS
2	70961023	70961595	ATP6V1B1	Intron
2	70961596	70961693	ATP6V1B1	Exon/CDS
2	70961694	70962776	ATP6V1B1	Intron
2	70962777	70962900	ATP6V1B1	Exon/CDS
2	70962901	70963161	ATP6V1B1	Intron
2	70963162	70963312	ATP6V1B1	Exon/CDS
2	70963313	70963571	ATP6V1B1	Intron
2	70963572	70963654	ATP6V1B1	Exon/CDS
2	70963655	70964437	ATP6V1B1	Intron
2	70964438	70964542	ATP6V1B1	Exon/CDS
2	70964543	70964735	ATP6V1B1	Intron
2	70964736	70964865	ATP6V1B1	Exon/CDS
2	70964866	70964957	ATP6V1B1	Intron
2	70964958	70965121	ATP6V1B1	Exon/CDS
2	70965122	70965431	ATP6V1B1	UTR3
2	70965432	70975431	ATP6V1B1	Flanking Down
2	110112311	110122310	NPHP1	Flanking Down
2	110122311	110123790	NPHP1	UTR3
2	110123791	110124063	NPHP1	Exon/CDS
2	110124064	110125636	NPHP1	Intron
2	110125637	110125681	NPHP1	Exon/CDS
2	110125682	110129185	NPHP1	Intron
2	110129186	110129259	NPHP1	Exon/CDS
2	110129260	110131678	NPHP1	Intron
2	110131679	110131791	NPHP1	Exon/CDS
2	110131792	110143541	NPHP1	Intron
2	110143542	110143641	NPHP1	Exon/CDS
2	110143642	110144492	NPHP1	Intron
2	110144493	110144569	NPHP1	Exon/CDS
2	110144570	110146752	NPHP1	Intron
2	110146753	110146835	NPHP1	Exon/CDS
2	110146836	110147915	NPHP1	Intron
2	110147916	110148026	NPHP1	Exon/CDS
2	110148027	110150181	NPHP1	Intron
2	110150182	110150256	NPHP1	Exon/CDS
2	110150257	110160126	NPHP1	Intron
2	110160127	110160255	NPHP1	Exon/CDS
2	110160256	110161602	NPHP1	Intron
2	110161603	110161697	NPHP1	Exon/CDS
2	110161698	110163047	NPHP1	Intron
2	110163048	110163135	NPHP1	Exon/CDS
2	110163136	110164687	NPHP1	Intron
2	110164688	110164730	NPHP1	Exon/CDS
2	110164731	110165051	NPHP1	Intron
2	110165052	110165155	NPHP1	Exon/CDS
2	110165156	110168451	NPHP1	Intron
2	110168452	110168553	NPHP1	Exon/CDS
2	110168554	110169805	NPHP1	Intron
2	110169806	110169998	NPHP1	Exon/CDS
2	110169999	110178422	NPHP1	Intron
2	110178423	110178547	NPHP1	Exon/CDS
2	110178548	110179623	NPHP1	Intron
2	110179624	110179684	NPHP1	Exon/CDS
2	110179685	110201420	NPHP1	Intron
2	110201421	110201494	NPHP1	Exon/CDS
2	110201495	110204899	NPHP1	Intron
2	110204900	110204968	NPHP1	Exon/CDS
2	110204969	110205066	NPHP1	UTR5
2	110205067	110215066	NPHP1	Flanking UP
2	226992714	227002713	COL4A4	Flanking Down
2	227002714	227007324	COL4A4	UTR3
2	227007325	227007588	COL4A4	Exon/CDS
2	227007589	227008017	COL4A4	Intron
2	227008018	227008304	COL4A4	Exon/CDS
2	227008305	227010312	COL4A4	Intron
2	227010313	227010501	COL4A4	Exon/CDS
2	227010502	227012180	COL4A4	Intron
2	227012181	227012297	COL4A4	Exon/CDS
2	227012298	227022047	COL4A4	Intron
2	227022048	227022173	COL4A4	Exon/CDS
2	227022174	227025801	COL4A4	Intron
2	227025802	227025810	COL4A4	Exon/CDS
2	227025811	227027901	COL4A4	Intron
2	227027902	227028009	COL4A4	Exon/CDS
2	227028010	227030442	COL4A4	Intron
2	227030443	227030598	COL4A4	Exon/CDS
2	227030599	227031944	COL4A4	Intron
2	227031945	227032055	COL4A4	Exon/CDS
2	227032056	227032147	COL4A4	Intron
2	227032148	227032276	COL4A4	Exon/CDS
2	227032277	227033409	COL4A4	Intron
2	227033410	227033481	COL4A4	Exon/CDS
2	227033482	227042147	COL4A4	Intron
2	227042148	227042255	COL4A4	Exon/CDS
2	227042256	227043076	COL4A4	Intron
2	227043077	227043184	COL4A4	Exon/CDS
2	227043185	227047474	COL4A4	Intron
2	227047475	227047549	COL4A4	Exon/CDS
2	227047550	227050067	COL4A4	Intron
2	227050068	227050131	COL4A4	Exon/CDS
2	227050132	227050976	COL4A4	Intron
2	227050977	227051158	COL4A4	Exon/CDS
2	227051159	227052304	COL4A4	Intron
2	227052305	227052412	COL4A4	Exon/CDS
2	227052413	227054593	COL4A4	Intron
2	227054594	227054737	COL4A4	Exon/CDS
2	227054738	227055944	COL4A4	Intron
2	227055945	227056115	COL4A4	Exon/CDS
2	227056116	227057438	COL4A4	Intron
2	227057439	227057600	COL4A4	Exon/CDS
2	227057601	227059404	COL4A4	Intron
2	227059405	227059623	COL4A4	Exon/CDS
2	227059624	227060135	COL4A4	Intron
2	227060136	227060243	COL4A4	Exon/CDS
2	227060244	227062529	COL4A4	Intron
2	227062530	227062598	COL4A4	Exon/CDS
2	227062599	227077893	COL4A4	Intron
2	227077894	227078077	COL4A4	Exon/CDS
2	227078078	227080442	COL4A4	Intron
2	227080443	227080549	COL4A4	Exon/CDS
2	227080550	227082114	COL4A4	Intron
2	227082115	227082187	COL4A4	Exon/CDS
2	227082188	227088652	COL4A4	Intron
2	227088653	227088816	COL4A4	Exon/CDS
2	227088817	227089867	COL4A4	Intron
2	227089868	227089957	COL4A4	Exon/CDS
2	227089958	227094124	COL4A4	Intron
2	227094125	227094289	COL4A4	Exon/CDS
2	227094290	227098693	COL4A4	Intron
2	227098694	227098798	COL4A4	Exon/CDS
2	227098799	227099619	COL4A4	Intron
2	227099620	227099689	COL4A4	Exon/CDS
2	227099690	227101503	COL4A4	Intron
2	227101504	227101557	COL4A4	Exon/CDS
2	227101558	227101864	COL4A4	Intron
2	227101865	227101909	COL4A4	Exon/CDS
2	227101910	227102788	COL4A4	Intron
2	227102789	227102848	COL4A4	Exon/CDS
2	227102849	227103143	COL4A4	Intron
2	227103144	227103197	COL4A4	Exon/CDS
2	227103198	227103971	COL4A4	Intron
2	227103972	227104052	COL4A4	Exon/CDS
2	227104053	227108580	COL4A4	Intron
2	227108581	227108622	COL4A4	Exon/CDS
2	227108623	227108832	COL4A4	Intron
2	227108833	227108868	COL4A4	Exon/CDS
2	227108869	227109223	COL4A4	Intron
2	227109224	227109286	COL4A4	Exon/CDS
2	227109287	227111677	COL4A4	Intron
2	227111678	227111713	COL4A4	Exon/CDS
2	227111714	227114627	COL4A4	Intron
2	227114628	227114696	COL4A4	Exon/CDS
2	227114697	227118644	COL4A4	Intron
2	227118645	227118761	COL4A4	Exon/CDS
2	227118762	227119894	COL4A4	Intron
2	227119895	227119939	COL4A4	Exon/CDS
2	227119940	227121013	COL4A4	Intron
2	227121014	227121148	COL4A4	Exon/CDS
2	227121149	227140160	COL4A4	Intron
2	227140161	227140238	COL4A4	Exon/CDS
2	227140239	227144515	COL4A4	Intron
2	227144516	227144558	COL4A4	Exon/CDS
2	227144559	227147412	COL4A4	Intron
2	227147413	227147483	COL4A4	Exon/CDS
2	227147484	227164453	COL4A4	UTR5
2	227154624	227164623	COL4A3	Flanking UP
2	227164454	227174453	COL4A4	Flanking UP
2	227164624	227164726	COL4A3	UTR5
2	227164727	227164813	COL4A3	Exon/CDS
2	227164814	227237967	COL4A3	Intron
2	227237968	227238024	COL4A3	Exon/CDS
2	227238025	227240142	COL4A3	Intron
2	227240143	227240232	COL4A3	Exon/CDS
2	227240233	227244319	COL4A3	Intron
2	227244320	227244364	COL4A3	Exon/CDS
2	227244365	227244950	COL4A3	Intron
2	227244951	227244995	COL4A3	Exon/CDS
2	227244996	227245953	COL4A3	Intron
2	227245954	227246016	COL4A3	Exon/CDS
2	227246017	227246684	COL4A3	Intron
2	227246685	227246738	COL4A3	Exon/CDS
2	227246739	227247557	COL4A3	Intron
2	227247558	227247584	COL4A3	Exon/CDS
2	227247585	227248442	COL4A3	Intron
2	227248443	227248520	COL4A3	Exon/CDS
2	227248521	227251139	COL4A3	Intron
2	227251140	227251202	COL4A3	Exon/CDS
2	227251203	227251335	COL4A3	Intron
2	227251336	227251371	COL4A3	Exon/CDS
2	227251372	227253295	COL4A3	Intron
2	227253296	227253337	COL4A3	Exon/CDS
2	227253338	227253560	COL4A3	Intron
2	227253561	227253638	COL4A3	Exon/CDS
2	227253639	227254111	COL4A3	Intron
2	227254112	227254174	COL4A3	Exon/CDS
2	227254175	227254655	COL4A3	Intron
2	227254656	227254715	COL4A3	Exon/CDS
2	227254716	227256025	COL4A3	Intron
2	227256026	227256070	COL4A3	Exon/CDS
2	227256071	227256342	COL4A3	Intron
2	227256343	227256396	COL4A3	Exon/CDS
2	227256397	227257602	COL4A3	Intron
2	227257603	227257644	COL4A3	Exon/CDS
2	227257645	227259792	COL4A3	Intron
2	227259793	227259877	COL4A3	Exon/CDS
2	227259878	227261081	COL4A3	Intron
2	227261082	227261117	COL4A3	Exon/CDS
2	227261118	227263779	COL4A3	Intron
2	227263780	227263944	COL4A3	Exon/CDS
2	227263945	227266416	COL4A3	Intron
2	227266417	227266509	COL4A3	Exon/CDS
2	227266510	227266992	COL4A3	Intron
2	227266993	227267088	COL4A3	Exon/CDS
2	227267089	227269909	COL4A3	Intron
2	227269910	227269980	COL4A3	Exon/CDS
2	227269981	227270769	COL4A3	Intron
2	227270770	227270952	COL4A3	Exon/CDS
2	227270953	227272948	COL4A3	Intron
2	227272949	227273117	COL4A3	Exon/CDS
2	227273118	227276384	COL4A3	Intron
2	227276385	227276477	COL4A3	Exon/CDS
2	227276478	227277448	COL4A3	Intron
2	227277449	227277553	COL4A3	Exon/CDS
2	227277554	227279792	COL4A3	Intron
2	227279793	227279890	COL4A3	Exon/CDS
2	227279891	227280439	COL4A3	Intron
2	227280440	227280590	COL4A3	Exon/CDS
2	227280591	227280892	COL4A3	Intron
2	227280893	227281006	COL4A3	Exon/CDS
2	227281007	227282364	COL4A3	Intron
2	227282365	227282532	COL4A3	Exon/CDS
2	227282533	227283766	COL4A3	Intron
2	227283767	227283856	COL4A3	Exon/CDS
2	227283857	227284210	COL4A3	Intron
2	227284211	227284345	COL4A3	Exon/CDS
2	227284346	227289149	COL4A3	Intron
2	227289150	227289248	COL4A3	Exon/CDS
2	227289249	227289998	COL4A3	Intron
2	227289999	227290088	COL4A3	Exon/CDS
2	227290089	227290746	COL4A3	Intron
2	227290747	227290886	COL4A3	Exon/CDS
2	227290887	227293190	COL4A3	Intron
2	227293191	227293317	COL4A3	Exon/CDS
2	227293318	227294489	COL4A3	Intron
2	227294490	227294570	COL4A3	Exon/CDS
2	227294571	227294963	COL4A3	Intron
2	227294964	227295062	COL4A3	Exon/CDS
2	227295063	227295268	COL4A3	Intron
2	227295269	227295316	COL4A3	Exon/CDS
2	227295317	227297673	COL4A3	Intron
2	227297674	227297859	COL4A3	Exon/CDS
2	227297860	227298681	COL4A3	Intron
2	227298682	227298812	COL4A3	Exon/CDS
2	227298813	227303037	COL4A3	Intron
2	227303038	227303110	COL4A3	Exon/CDS
2	227303111	227303858	COL4A3	Intron
2	227303859	227303930	COL4A3	Exon/CDS
2	227303931	227304018	COL4A3	Intron
2	227304019	227304144	COL4A3	Exon/CDS
2	227304145	227304984	COL4A3	Intron
2	227304985	227305083	COL4A3	Exon/CDS
2	227305084	227307709	COL4A3	Intron
2	227307710	227307919	COL4A3	Exon/CDS
2	227307920	227308898	COL4A3	Intron
2	227308899	227309076	COL4A3	Exon/CDS
2	227309077	227309203	COL4A3	Intron
2	227309204	227309318	COL4A3	Exon/CDS
2	227309319	227310775	COL4A3	Intron
2	227310776	227310948	COL4A3	Exon/CDS
2	227310949	227311785	COL4A3	Intron
2	227311786	227311870	COL4A3	Exon/CDS
2	227311871	227314792	COL4A3	UTR3
2	227314793	227324792	COL4A3	Flanking Down
2	240858543	240868542	AGXT	Flanking UP
2	240868543	240868865	AGXT	UTR5
2	240868866	240869030	AGXT	Exon/CDS
2	240869031	240869169	AGXT	Intron
2	240869170	240869362	AGXT	Exon/CDS
2	240869363	240870643	AGXT	Intron
2	240870644	240870708	AGXT	Exon/CDS
2	240870709	240871348	AGXT	Intron
2	240871349	240871449	AGXT	Exon/CDS
2	240871450	240872978	AGXT	Intron
2	240872979	240873049	AGXT	Exon/CDS
2	240873050	240873977	AGXT	Intron
2	240873978	240874062	AGXT	Exon/CDS
2	240874063	240875108	AGXT	Intron
2	240875109	240875204	AGXT	Exon/CDS
2	240875205	240875934	AGXT	Intron
2	240875935	240876004	AGXT	Exon/CDS
2	240876005	240877536	AGXT	Intron
2	240877537	240877632	AGXT	Exon/CDS
2	240877633	240878021	AGXT	Intron
2	240878022	240878150	AGXT	Exon/CDS
2	240878151	240878713	AGXT	Intron
2	240878714	240878821	AGXT	Exon/CDS
2	240878822	240881531	AGXT	UTR3
2	240881532	240891531	AGXT	Flanking Down
3	122173668	122183667	CASR	Flanking UP
3	122183668	122254189	CASR	UTR5
3	122254190	122254374	CASR	Exon/CDS
3	122254375	122257080	CASR	Intron
3	122257081	122257387	CASR	Exon/CDS
3	122257388	122261527	CASR	Intron
3	122261528	122262412	CASR	Exon/CDS
3	122262413	122275811	CASR	Intron
3	122275812	122276042	CASR	Exon/CDS
3	122276043	122282112	CASR	Intron
3	122282113	122282236	CASR	Exon/CDS
3	122282237	122283686	CASR	Intron
3	122283687	122285191	CASR	Exon/CDS
3	122285192	122291629	CASR	UTR3
3	122291630	122301629	CASR	Flanking Down
3	186557403	186567402	DNAJB11	Flanking UP
3	186567403	186570897	DNAJB11	UTR5
3	186570898	186570965	DNAJB11	Exon/CDS
3	186570966	186572094	DNAJB11	Intron
3	186572095	186572251	DNAJB11	Exon/CDS
3	186572252	186575839	DNAJB11	Intron
3	186575840	186575937	DNAJB11	Exon/CDS
3	186575938	186577667	DNAJB11	Intron
3	186577668	186577800	DNAJB11	Exon/CDS
3	186577801	186581370	DNAJB11	Intron
3	186581371	186581513	DNAJB11	Exon/CDS
3	186581514	186581994	DNAJB11	Intron
3	186581995	186582077	DNAJB11	Exon/CDS
3	186582078	186582715	DNAJB11	Intron
3	186582716	186582773	DNAJB11	Exon/CDS
3	186582774	186583864	DNAJB11	Intron
3	186583865	186583976	DNAJB11	Exon/CDS
3	186583977	186584429	DNAJB11	Intron
3	186584430	186584589	DNAJB11	Exon/CDS
3	186584590	186585343	DNAJB11	Intron
3	186585344	186585408	DNAJB11	Exon/CDS
3	186585409	186585800	DNAJB11	UTR3
3	186585801	186595800	DNAJB11	Flanking Down
4	87997629	88007628	PKD2	Flanking UP
4	88007629	88007733	PKD2	UTR5
4	88007734	88008328	PKD2	Exon/CDS
4	88008329	88019457	PKD2	Intron
4	88019458	88019571	PKD2	Exon/CDS
4	88019572	88036219	PKD2	Intron
4	88036220	88036353	PKD2	Exon/CDS
4	88036354	88038250	PKD2	Intron
4	88038251	88038501	PKD2	Exon/CDS
4	88038502	88043232	PKD2	Intron
4	88043233	88043457	PKD2	Exon/CDS
4	88043458	88046641	PKD2	Intron
4	88046642	88046870	PKD2	Exon/CDS
4	88046871	88051990	PKD2	Intron
4	88051991	88052158	PKD2	Exon/CDS
4	88052159	88056085	PKD2	Intron
4	88056086	88056267	PKD2	Exon/CDS
4	88056268	88057982	PKD2	Intron
4	88057983	88058103	PKD2	Exon/CDS
4	88058104	88061905	PKD2	Intron
4	88061906	88062004	PKD2	Exon/CDS
4	88062005	88065373	PKD2	Intron
4	88065374	88065495	PKD2	Exon/CDS
4	88065496	88065761	PKD2	Intron
4	88065762	88065879	PKD2	Exon/CDS
4	88065880	88067897	PKD2	Intron
4	88067898	88068061	PKD2	Exon/CDS
4	88068062	88074811	PKD2	Intron
4	88074812	88074959	PKD2	Exon/CDS
4	88074960	88075457	PKD2	Intron
4	88075458	88075694	PKD2	Exon/CDS
4	88075695	88077777	PKD2	UTR3
4	88077778	88087777	PKD2	Flanking Down
6	51605299	51615298	PKHD1	Flanking Down
6	51615299	51619080	PKHD1	UTR3
6	51619081	51619520	PKHD1	Exon/CDS
6	51619521	51626996	PKHD1	Intron
6	51626997	51627116	PKHD1	Exon/CDS
6	51627117	51632564	PKHD1	Intron
6	51632565	51632723	PKHD1	Exon/CDS
6	51632724	51638848	PKHD1	Intron
6	51638849	51638956	PKHD1	Exon/CDS
6	51638957	51648030	PKHD1	Intron
6	51648031	51648118	PKHD1	Exon/CDS
6	51648119	51649084	PKHD1	Intron
6	51649085	51649220	PKHD1	Exon/CDS
6	51649221	51658951	PKHD1	Intron
6	51658952	51659969	PKHD1	Exon/CDS
6	51659970	51744384	PKHD1	Intron
6	51744385	51744542	PKHD1	Exon/CDS
6	51744543	51746720	PKHD1	Intron
6	51746721	51746889	PKHD1	Exon/CDS
6	51746890	51747786	PKHD1	Intron
6	51747787	51748665	PKHD1	Exon/CDS
6	51748666	51753200	PKHD1	Intron
6	51753201	51753353	PKHD1	Exon/CDS
6	51753354	51754783	PKHD1	Intron
6	51754784	51754938	PKHD1	Exon/CDS
6	51754939	51772701	PKHD1	Intron
6	51772702	51772789	PKHD1	Exon/CDS
6	51772790	51775807	PKHD1	Intron
6	51775808	51775921	PKHD1	Exon/CDS
6	51775922	51791235	PKHD1	Intron
6	51791236	51791373	PKHD1	Exon/CDS
6	51791374	51830860	PKHD1	Intron
6	51830861	51830989	PKHD1	Exon/CDS
6	51830990	51836403	PKHD1	Intron
6	51836404	51836469	PKHD1	Exon/CDS
6	51836470	51847774	PKHD1	Intron
6	51847775	51847970	PKHD1	Exon/CDS
6	51847971	51855892	PKHD1	Intron
6	51855893	51856070	PKHD1	Exon/CDS
6	51856071	51867862	PKHD1	Intron
6	51867863	51868109	PKHD1	Exon/CDS
6	51868110	51870503	PKHD1	Intron
6	51870504	51870639	PKHD1	Exon/CDS
6	51870640	51883092	PKHD1	Intron
6	51883093	51883227	PKHD1	Exon/CDS
6	51883228	51885866	PKHD1	Intron
6	51885867	51885972	PKHD1	Exon/CDS
6	51885973	51887132	PKHD1	Intron
6	51887133	51887245	PKHD1	Exon/CDS
6	51887246	51903596	PKHD1	Intron
6	51903597	51903727	PKHD1	Exon/CDS
6	51903728	51903985	PKHD1	Intron
6	51903986	51904042	PKHD1	Exon/CDS
6	51904043	51906214	PKHD1	Intron
6	51906215	51906340	PKHD1	Exon/CDS
6	51906341	51909282	PKHD1	Intron
6	51909283	51909474	PKHD1	Exon/CDS
6	51909475	51911798	PKHD1	Intron
6	51911799	51911956	PKHD1	Exon/CDS
6	51911957	51912365	PKHD1	Intron
6	51912366	51912576	PKHD1	Exon/CDS
6	51912577	51934109	PKHD1	Intron
6	51934110	51934322	PKHD1	Exon/CDS
6	51934323	51959869	PKHD1	Intron
6	51959870	51960026	PKHD1	Exon/CDS
6	51960027	52010308	PKHD1	Intron
6	52010309	52010459	PKHD1	Exon/CDS
6	52010460	52017409	PKHD1	Intron
6	52017410	52017629	PKHD1	Exon/CDS
6	52017630	52022800	PKHD1	Intron
6	52022801	52022944	PKHD1	Exon/CDS
6	52022945	52024573	PKHD1	Intron
6	52024574	52026181	PKHD1	Exon/CDS
6	52026182	52027828	PKHD1	Intron
6	52027829	52027896	PKHD1	Exon/CDS
6	52027897	52028155	PKHD1	Intron
6	52028156	52028351	PKHD1	Exon/CDS
6	52028352	52033029	PKHD1	Intron
6	52033030	52033165	PKHD1	Exon/CDS
6	52033166	52035590	PKHD1	Intron
6	52035591	52035721	PKHD1	Exon/CDS
6	52035722	52042858	PKHD1	Intron
6	52042859	52043134	PKHD1	Exon/CDS
6	52043135	52043624	PKHD1	Intron
6	52043625	52043730	PKHD1	Exon/CDS
6	52043731	52044965	PKHD1	Intron
6	52044966	52045088	PKHD1	Exon/CDS
6	52045089	52046003	PKHD1	Intron
6	52046004	52046188	PKHD1	Exon/CDS
6	52046189	52048491	PKHD1	Intron
6	52048492	52048619	PKHD1	Exon/CDS
6	52048620	52050156	PKHD1	Intron
6	52050157	52050295	PKHD1	Exon/CDS
6	52050296	52053075	PKHD1	Intron
6	52053076	52053251	PKHD1	Exon/CDS
6	52053252	52054037	PKHD1	Intron
6	52054038	52054165	PKHD1	Exon/CDS
6	52054166	52055586	PKHD1	Intron
6	52055587	52055729	PKHD1	Exon/CDS
6	52055730	52056697	PKHD1	Intron
6	52056698	52056788	PKHD1	Exon/CDS
6	52056789	52056889	PKHD1	Intron
6	52056890	52056979	PKHD1	Exon/CDS
6	52056980	52058322	PKHD1	Intron
6	52058323	52058601	PKHD1	Exon/CDS
6	52058602	52059927	PKHD1	Intron
6	52059928	52060042	PKHD1	Exon/CDS
6	52060043	52062518	PKHD1	Intron
6	52062519	52062660	PKHD1	Exon/CDS
6	52062661	52064954	PKHD1	Intron
6	52064955	52065050	PKHD1	Exon/CDS
6	52065051	52065975	PKHD1	Intron
6	52065976	52066077	PKHD1	Exon/CDS
6	52066078	52069456	PKHD1	Intron
6	52069457	52069527	PKHD1	Exon/CDS
6	52069528	52070405	PKHD1	Intron
6	52070406	52070445	PKHD1	Exon/CDS
6	52070446	52071005	PKHD1	Intron
6	52071006	52071070	PKHD1	Exon/CDS
6	52071071	52072114	PKHD1	Intron
6	52072115	52072189	PKHD1	Exon/CDS
6	52072190	52073462	PKHD1	Intron
6	52073463	52073541	PKHD1	Exon/CDS
6	52073542	52076275	PKHD1	Intron
6	52076276	52076333	PKHD1	Exon/CDS
6	52076334	52079899	PKHD1	Intron
6	52079900	52080008	PKHD1	Exon/CDS
6	52080009	52082391	PKHD1	Intron
6	52082392	52082542	PKHD1	Exon/CDS
6	52082543	52083177	PKHD1	Intron
6	52083178	52083255	PKHD1	Exon/CDS
6	52083256	52084881	PKHD1	Intron
6	52084882	52084933	PKHD1	Exon/CDS
6	52084934	52087613	PKHD1	UTR5
6	52087614	52097613	PKHD1	Flanking UP
6	135273407	135283406	AHI1	Flanking Down
6	135283407	135285644	AHI1	UTR3
6	135285645	135285647	AHI1	Exon/CDS
6	135285648	135290422	AHI1	Intron
6	135290423	135290525	AHI1	Exon/CDS
6	135290526	135300499	AHI1	Intron
6	135300500	135300558	AHI1	Exon/CDS
6	135300559	135318518	AHI1	Intron
6	135318519	135318616	AHI1	Exon/CDS
6	135318617	135323161	AHI1	Intron
6	135323162	135323324	AHI1	Exon/CDS
6	135323325	135358131	AHI1	Intron
6	135358132	135358187	AHI1	Exon/CDS
6	135358188	135394775	AHI1	Intron
6	135394776	135394896	AHI1	Exon/CDS
6	135394897	135404950	AHI1	Intron
6	135404951	135404977	AHI1	Exon/CDS
6	135404978	135411347	AHI1	Intron
6	135411348	135411544	AHI1	Exon/CDS
6	135411545	135427166	AHI1	Intron
6	135427167	135427307	AHI1	Exon/CDS
6	135427308	135428628	AHI1	Intron
6	135428629	135428759	AHI1	Exon/CDS
6	135428760	135429881	AHI1	Intron
6	135429882	135430000	AHI1	Exon/CDS
6	135430001	135431207	AHI1	Intron
6	135431208	135431314	AHI1	Exon/CDS
6	135431315	135433026	AHI1	Intron
6	135433027	135433256	AHI1	Exon/CDS
6	135433257	135438374	AHI1	Intron
6	135438375	135438498	AHI1	Exon/CDS
6	135438499	135442581	AHI1	Intron
6	135442582	135442714	AHI1	Exon/CDS
6	135442715	135447007	AHI1	Intron
6	135447008	135447160	AHI1	Exon/CDS
6	135447161	135448289	AHI1	Intron
6	135448290	135448475	AHI1	Exon/CDS
6	135448476	135453340	AHI1	Intron
6	135453341	135453436	AHI1	Exon/CDS
6	135453437	135455733	AHI1	Intron
6	135455734	135455926	AHI1	Exon/CDS
6	135455927	135457493	AHI1	Intron
6	135457494	135457713	AHI1	Exon/CDS
6	135457714	135463124	AHI1	Intron
6	135463125	135463306	AHI1	Exon/CDS
6	135463307	135465813	AHI1	Intron
6	135465814	135466373	AHI1	Exon/CDS
6	135466374	135467580	AHI1	Intron
6	135467581	135467634	AHI1	Exon/CDS
6	135467635	135490622	AHI1	Intron
6	135490623	135490747	AHI1	Exon/CDS
6	135490748	135492227	AHI1	Intron
6	135492228	135492237	AHI1	Exon/CDS
6	135492238	135498434	AHI1	UTR5
6	135498435	135508434	AHI1	Flanking UP
7	138696289	138706288	ATP6V0A4	Flanking Down
7	138706289	138706623	ATP6V0A4	UTR3
7	138706624	138706717	ATP6V0A4	Exon/CDS
7	138706718	138709623	ATP6V0A4	Intron
7	138709624	138709795	ATP6V0A4	Exon/CDS
7	138709796	138715763	ATP6V0A4	Intron
7	138715764	138715881	ATP6V0A4	Exon/CDS
7	138715882	138721896	ATP6V0A4	Intron
7	138721897	138722025	ATP6V0A4	Exon/CDS
7	138722026	138728760	ATP6V0A4	Intron
7	138728761	138728862	ATP6V0A4	Exon/CDS
7	138728863	138732876	ATP6V0A4	Intron
7	138732877	138733093	ATP6V0A4	Exon/CDS
7	138733094	138734135	ATP6V0A4	Intron
7	138734136	138734254	ATP6V0A4	Exon/CDS
7	138734255	138739539	ATP6V0A4	Intron
7	138739540	138739633	ATP6V0A4	Exon/CDS
7	138739634	138745122	ATP6V0A4	Intron
7	138745123	138745280	ATP6V0A4	Exon/CDS
7	138745281	138747424	ATP6V0A4	Intron
7	138747425	138747564	ATP6V0A4	Exon/CDS
7	138747565	138749166	ATP6V0A4	Intron
7	138749167	138749317	ATP6V0A4	Exon/CDS
7	138749318	138752624	ATP6V0A4	Intron
7	138752625	138752837	ATP6V0A4	Exon/CDS
7	138752838	138755688	ATP6V0A4	Intron
7	138755689	138755782	ATP6V0A4	Exon/CDS
7	138755783	138756457	ATP6V0A4	Intron
7	138756458	138756540	ATP6V0A4	Exon/CDS
7	138756541	138759751	ATP6V0A4	Intron
7	138759752	138759878	ATP6V0A4	Exon/CDS
7	138759879	138762339	ATP6V0A4	Intron
7	138762340	138762434	ATP6V0A4	Exon/CDS
7	138762435	138762899	ATP6V0A4	Intron
7	138762900	138763025	ATP6V0A4	Exon/CDS
7	138763026	138768779	ATP6V0A4	Intron
7	138768780	138768874	ATP6V0A4	Exon/CDS
7	138768875	138769172	ATP6V0A4	Intron
7	138769173	138769251	ATP6V0A4	Exon/CDS
7	138769252	138771130	ATP6V0A4	Intron
7	138771131	138771247	ATP6V0A4	Exon/CDS
7	138771248	138799672	ATP6V0A4	UTR5
7	138799673	138809672	ATP6V0A4	Flanking UP
8	93744844	93754843	TMEM67	Flanking UP
8	93754844	93754914	TMEM67	UTR5
8	93754915	93755137	TMEM67	Exon/CDS
8	93755138	93755777	TMEM67	Intron
8	93755778	93755866	TMEM67	Exon/CDS
8	93755867	93758482	TMEM67	Intron
8	93758483	93758576	TMEM67	Exon/CDS
8	93758577	93763841	TMEM67	Intron
8	93763842	93763941	TMEM67	Exon/CDS
8	93763942	93765405	TMEM67	Intron
8	93765406	93765475	TMEM67	Exon/CDS
8	93765476	93765571	TMEM67	Intron
8	93765572	93765646	TMEM67	Exon/CDS
8	93765647	93772588	TMEM67	Intron
8	93772589	93772651	TMEM67	Exon/CDS
8	93772652	93780592	TMEM67	Intron
8	93780593	93780747	TMEM67	Exon/CDS
8	93780748	93780873	TMEM67	Intron
8	93780874	93780982	TMEM67	Exon/CDS
8	93780983	93781657	TMEM67	Intron
8	93781658	93781744	TMEM67	Exon/CDS
8	93781745	93782394	TMEM67	Intron
8	93782395	93782460	TMEM67	Exon/CDS
8	93782461	93785221	TMEM67	Intron
8	93785222	93785378	TMEM67	Exon/CDS
8	93785379	93786222	TMEM67	Intron
8	93786223	93786346	TMEM67	Exon/CDS
8	93786347	93787843	TMEM67	Intron
8	93787844	93787949	TMEM67	Exon/CDS
8	93787950	93791262	TMEM67	Intron
8	93791263	93791319	TMEM67	Exon/CDS
8	93791320	93793197	TMEM67	Intron
8	93793198	93793296	TMEM67	Exon/CDS
8	93793297	93795408	TMEM67	Intron
8	93795409	93795507	TMEM67	Exon/CDS
8	93795508	93795900	TMEM67	Intron
8	93795901	93795987	TMEM67	Exon/CDS
8	93795988	93797133	TMEM67	Intron
8	93797134	93797233	TMEM67	Exon/CDS
8	93797234	93797330	TMEM67	Intron
8	93797331	93797470	TMEM67	Exon/CDS
8	93797471	93799617	TMEM67	Intron
8	93799618	93799758	TMEM67	Exon/CDS
8	93799759	93803603	TMEM67	Intron
8	93803604	93803684	TMEM67	Exon/CDS
8	93803685	93804761	TMEM67	Intron
8	93804762	93804878	TMEM67	Exon/CDS
8	93804879	93808839	TMEM67	Intron
8	93808840	93808956	TMEM67	Exon/CDS
8	93808957	93809056	TMEM67	Intron
8	93809057	93809161	TMEM67	Exon/CDS
8	93809162	93809784	TMEM67	Intron
8	93809785	93809887	TMEM67	Exon/CDS
8	93809888	93815304	TMEM67	Intron
8	93815305	93815447	TMEM67	Exon/CDS
8	93815448	93816371	TMEM67	Intron
8	93816372	93816452	TMEM67	Exon/CDS
8	93816453	93819234	TMEM67	UTR3
8	93819235	93829234	TMEM67	Flanking Down
9	126603928	126613927	LMX1B	Flanking UP
9	126613928	126614449	LMX1B	UTR5
9	126614450	126614588	LMX1B	Exon/CDS
9	126614589	126615382	LMX1B	Intron
9	126615383	126615569	LMX1B	Exon/CDS
9	126615570	126690835	LMX1B	Intron
9	126690836	126691068	LMX1B	Exon/CDS
9	126691069	126693141	LMX1B	Intron
9	126693142	126693323	LMX1B	Exon/CDS
9	126693324	126693523	LMX1B	Intron
9	126693524	126693601	LMX1B	Exon/CDS
9	126693602	126693745	LMX1B	Intron
9	126693746	126693812	LMX1B	Exon/CDS
9	126693813	126695838	LMX1B	Intron
9	126695839	126696003	LMX1B	Exon/CDS
9	126696004	126696293	LMX1B	Intron
9	126696294	126696451	LMX1B	Exon/CDS
9	126696452	126701032	LMX1B	UTR3
9	126701033	126711032	LMX1B	Flanking Down
11	32377775	32387774	WT1	Flanking Down
11	32387775	32389057	WT1	UTR3
11	32389058	32389179	WT1	Exon/CDS
11	32389180	32391971	WT1	Intron
11	32391972	32392064	WT1	Exon/CDS
11	32392065	32392665	WT1	Intron
11	32392666	32392755	WT1	Exon/CDS
11	32392756	32396256	WT1	Intron
11	32396257	32396407	WT1	Exon/CDS
11	32396408	32399947	WT1	Intron
11	32399948	32400044	WT1	Exon/CDS
11	32400045	32416489	WT1	Intron
11	32416490	32416540	WT1	Exon/CDS
11	32416541	32417576	WT1	Intron
11	32417577	32417654	WT1	Exon/CDS
11	32417655	32427955	WT1	Intron
11	32427956	32428058	WT1	Exon/CDS
11	32428059	32428496	WT1	Intron
11	32428497	32428619	WT1	Exon/CDS
11	32428620	32434699	WT1	Intron
11	32434700	32435360	WT1	Exon/CDS
11	32435361	32435564	WT1	UTR5
11	32435565	32445564	WT1	Flanking UP
11	101441470	101451469	TRPC6	Flanking Down
11	101451470	101452954	TRPC6	UTR3
11	101452955	101453106	TRPC6	Exon/CDS
11	101453107	101453649	TRPC6	Intron
11	101453650	101453725	TRPC6	Exon/CDS
11	101453726	101455017	TRPC6	Intron
11	101455018	101455101	TRPC6	Exon/CDS
11	101455102	101469426	TRPC6	Intron
11	101469427	101469501	TRPC6	Exon/CDS
11	101469502	101471182	TRPC6	Intron
11	101471183	101471386	TRPC6	Exon/CDS
11	101471387	101472136	TRPC6	Intron
11	101472137	101472332	TRPC6	Exon/CDS
11	101472333	101473508	TRPC6	Intron
11	101473509	101473773	TRPC6	Exon/CDS
11	101473774	101476300	TRPC6	Intron
11	101476301	101476534	TRPC6	Exon/CDS
11	101476535	101482948	TRPC6	Intron
11	101482949	101483165	TRPC6	Exon/CDS
11	101483166	101488936	TRPC6	Intron
11	101488937	101489101	TRPC6	Exon/CDS
11	101489102	101491555	TRPC6	Intron
11	101491556	101491738	TRPC6	Exon/CDS
11	101491739	101504023	TRPC6	Intron
11	101504024	101504798	TRPC6	Exon/CDS
11	101504799	101583333	TRPC6	Intron
11	101583334	101583503	TRPC6	Exon/CDS
11	101583504	101872562	TRPC6	UTR5
11	101872563	101882562	TRPC6	Flanking UP
12	76334474	76344473	BBS10	Flanking Down
12	76344474	76345812	BBS10	UTR3
12	76345813	76347787	BBS10	Exon/CDS
12	76347788	76348161	BBS10	Intron
12	76348162	76348358	BBS10	Exon/CDS
12	76348359	76348437	BBS10	UTR5
12	76348438	76358437	BBS10	Flanking UP
12	88039016	88049015	CEP290	Flanking Down
12	88049016	88049183	CEP290	UTR3
12	88049184	88049414	CEP290	Exon/CDS
12	88049415	88050353	CEP290	Intron
12	88050354	88050433	CEP290	Exon/CDS
12	88050434	88053651	CEP290	Intron
12	88053652	88053746	CEP290	Exon/CDS
12	88053747	88054339	CEP290	Intron
12	88054340	88054413	CEP290	Exon/CDS
12	88054414	88055575	CEP290	Intron
12	88055576	88055717	CEP290	Exon/CDS
12	88055718	88058847	CEP290	Intron
12	88058848	88059020	CEP290	Exon/CDS
12	88059021	88059897	CEP290	Intron
12	88059898	88060020	CEP290	Exon/CDS
12	88060021	88060829	CEP290	Intron
12	88060830	88060994	CEP290	Exon/CDS
12	88060995	88062691	CEP290	Intron
12	88062692	88062778	CEP290	Exon/CDS
12	88062779	88063980	CEP290	Intron
12	88063981	88064115	CEP290	Exon/CDS
12	88064116	88068521	CEP290	Intron
12	88068522	88068645	CEP290	Exon/CDS
12	88068646	88071293	CEP290	Intron
12	88071294	88071449	CEP290	Exon/CDS
12	88071450	88071780	CEP290	Intron
12	88071781	88071926	CEP290	Exon/CDS
12	88071927	88077221	CEP290	Intron
12	88077222	88077344	CEP290	Exon/CDS
12	88077345	88077696	CEP290	Intron
12	88077697	88077918	CEP290	Exon/CDS
12	88077919	88079091	CEP290	Intron
12	88079092	88079229	CEP290	Exon/CDS
12	88079230	88080181	CEP290	Intron
12	88080182	88080395	CEP290	Exon/CDS
12	88080396	88083030	CEP290	Intron
12	88083031	88083230	CEP290	Exon/CDS
12	88083231	88083846	CEP290	Intron
12	88083847	88083954	CEP290	Exon/CDS
12	88083955	88084585	CEP290	Intron
12	88084586	88084852	CEP290	Exon/CDS
12	88084853	88086038	CEP290	Intron
12	88086039	88086173	CEP290	Exon/CDS
12	88086174	88086390	CEP290	Intron
12	88086391	88086498	CEP290	Exon/CDS
12	88086499	88087779	CEP290	Intron
12	88087780	88087944	CEP290	Exon/CDS
12	88087945	88089031	CEP290	Intron
12	88089032	88089487	CEP290	Exon/CDS
12	88089488	88090727	CEP290	Intron
12	88090728	88090839	CEP290	Exon/CDS
12	88090840	88092680	CEP290	Intron
12	88092681	88092832	CEP290	Exon/CDS
12	88092833	88093769	CEP290	Intron
12	88093770	88093975	CEP290	Exon/CDS
12	88093976	88096887	CEP290	Intron
12	88096888	88096999	CEP290	Exon/CDS
12	88097000	88102837	CEP290	Intron
12	88102838	88103011	CEP290	Exon/CDS
12	88103012	88106674	CEP290	Intron
12	88106675	88106905	CEP290	Exon/CDS
12	88106906	88106995	CEP290	Intron
12	88106996	88107098	CEP290	Exon/CDS
12	88107099	88109065	CEP290	Intron
12	88109066	88109181	CEP290	Exon/CDS
12	88109182	88111201	CEP290	Intron
12	88111202	88111351	CEP290	Exon/CDS
12	88111352	88111693	CEP290	Intron
12	88111694	88111858	CEP290	Exon/CDS
12	88111859	88114419	CEP290	Intron
12	88114420	88114562	CEP290	Exon/CDS
12	88114563	88115097	CEP290	Intron
12	88115098	88115182	CEP290	Exon/CDS
12	88115183	88117032	CEP290	Intron
12	88117033	88117145	CEP290	Exon/CDS
12	88117146	88118482	CEP290	Intron
12	88118483	88118570	CEP290	Exon/CDS
12	88118571	88118642	CEP290	Intron
12	88118643	88118743	CEP290	Exon/CDS
12	88118744	88120113	CEP290	Intron
12	88120114	88120276	CEP290	Exon/CDS
12	88120277	88120996	CEP290	Intron
12	88120997	88121166	CEP290	Exon/CDS
12	88121167	88125245	CEP290	Intron
12	88125246	88125369	CEP290	Exon/CDS
12	88125370	88126315	CEP290	Intron
12	88126316	88126438	CEP290	Exon/CDS
12	88126439	88128945	CEP290	Intron
12	88128946	88129035	CEP290	Exon/CDS
12	88129036	88129693	CEP290	Intron
12	88129694	88129876	CEP290	Exon/CDS
12	88129877	88130267	CEP290	Intron
12	88130268	88130420	CEP290	Exon/CDS
12	88130421	88130544	CEP290	Intron
12	88130545	88130565	CEP290	Exon/CDS
12	88130566	88131164	CEP290	Intron
12	88131165	88131218	CEP290	Exon/CDS
12	88131219	88136642	CEP290	Intron
12	88136643	88136786	CEP290	Exon/CDS
12	88136787	88139144	CEP290	Intron
12	88139145	88139191	CEP290	Exon/CDS
12	88139192	88139494	CEP290	Intron
12	88139495	88139564	CEP290	Exon/CDS
12	88139565	88140955	CEP290	Intron
12	88140956	88141033	CEP290	Exon/CDS
12	88141034	88141205	CEP290	Intron
12	88141206	88141307	CEP290	Exon/CDS
12	88141308	88142099	CEP290	UTR5
12	88142100	88152099	CEP290	Flanking UP
16	2078708	2088707	PKD1	Flanking Down
16	2088708	2089726	PKD1	UTR3
16	2089727	2090194	PKD1	Exon/CDS
16	2090195	2090284	PKD1	Intron
16	2090285	2090590	PKD1	Exon/CDS
16	2090591	2090673	PKD1	Intron
16	2090674	2090808	PKD1	Exon/CDS
16	2090809	2090883	PKD1	Intron
16	2090884	2091174	PKD1	Exon/CDS
16	2091175	2091422	PKD1	Intron
16	2091423	2091597	PKD1	Exon/CDS
16	2091598	2091780	PKD1	Intron
16	2091781	2091906	PKD1	Exon/CDS
16	2091907	2092046	PKD1	Intron
16	2092047	2092188	PKD1	Exon/CDS
16	2092189	2092479	PKD1	Intron
16	2092480	2092592	PKD1	Exon/CDS
16	2092593	2092953	PKD1	Intron
16	2092954	2093093	PKD1	Exon/CDS
16	2093094	2093543	PKD1	Intron
16	2093544	2093738	PKD1	Exon/CDS
16	2093739	2093810	PKD1	Intron
16	2093811	2094013	PKD1	Exon/CDS
16	2094014	2094091	PKD1	Intron
16	2094092	2094210	PKD1	Exon/CDS
16	2094211	2097147	PKD1	Intron
16	2097148	2097241	PKD1	Exon/CDS
16	2097242	2097318	PKD1	Intron
16	2097319	2097503	PKD1	Exon/CDS
16	2097504	2097727	PKD1	Intron
16	2097728	2097780	PKD1	Exon/CDS
16	2097781	2097867	PKD1	Intron
16	2097868	2097984	PKD1	Exon/CDS
16	2097985	2099643	PKD1	Intron
16	2099644	2099770	PKD1	Exon/CDS
16	2099771	2099860	PKD1	Intron
16	2099861	2100071	PKD1	Exon/CDS
16	2100072	2100165	PKD1	Intron
16	2100166	2100309	PKD1	Exon/CDS
16	2100310	2100395	PKD1	Intron
16	2100396	2100566	PKD1	Exon/CDS
16	2100567	2102060	PKD1	Intron
16	2102061	2102256	PKD1	Exon/CDS
16	2102257	2102380	PKD1	Intron
16	2102381	2102633	PKD1	Exon/CDS
16	2102634	2102813	PKD1	Intron
16	2102814	2102970	PKD1	Exon/CDS
16	2102971	2103265	PKD1	Intron
16	2103266	2103895	PKD1	Exon/CDS
16	2103896	2104497	PKD1	Intron
16	2104498	2104642	PKD1	Exon/CDS
16	2104643	2105321	PKD1	Intron
16	2105322	2105474	PKD1	Exon/CDS
16	2105475	2105864	PKD1	Intron
16	2105865	2106024	PKD1	Exon/CDS
16	2106025	2106090	PKD1	Intron
16	2106091	2106304	PKD1	Exon/CDS
16	2106305	2106397	PKD1	Intron
16	2106398	2106677	PKD1	Exon/CDS
16	2106678	2106804	PKD1	Intron
16	2106805	2106948	PKD1	Exon/CDS
16	2106949	2107882	PKD1	Intron
16	2107883	2108032	PKD1	Exon/CDS
16	2108033	2108251	PKD1	Intron
16	2108252	2111871	PKD1	Exon/CDS
16	2111872	2112339	PKD1	Intron
16	2112340	2112473	PKD1	Exon/CDS
16	2112474	2112787	PKD1	Intron
16	2112788	2112963	PKD1	Exon/CDS
16	2112964	2113160	PKD1	Intron
16	2113161	2113292	PKD1	Exon/CDS
16	2113293	2114169	PKD1	Intron
16	2114170	2114925	PKD1	Exon/CDS
16	2114926	2115377	PKD1	Intron
16	2115378	2115625	PKD1	Exon/CDS
16	2115626	2115991	PKD1	Intron
16	2115992	2116118	PKD1	Exon/CDS
16	2116119	2116528	PKD1	Intron
16	2116529	2116644	PKD1	Exon/CDS
16	2116645	2116832	PKD1	Intron
16	2116833	2117053	PKD1	Exon/CDS
16	2117054	2117488	PKD1	Intron
16	2117489	2117672	PKD1	Exon/CDS
16	2117673	2117790	PKD1	Intron
16	2117791	2118462	PKD1	Exon/CDS
16	2118463	2118675	PKD1	Intron
16	2118676	2118845	PKD1	Exon/CDS
16	2118846	2119113	PKD1	Intron
16	2119114	2119185	PKD1	Exon/CDS
16	2119186	2119306	PKD1	Intron
16	2119307	2119378	PKD1	Exon/CDS
16	2119379	2135474	PKD1	Intron
16	2135475	2135689	PKD1	Exon/CDS
16	2135690	2135898	PKD1	UTR5
16	2135899	2145898	PKD1	Flanking UP
16	20321549	20331548	UMOD	Flanking Down
16	20331549	20333313	UMOD	UTR3
16	20333314	20333375	UMOD	Exon/CDS
16	20333376	20335481	UMOD	Intron
16	20335482	20335520	UMOD	Exon/CDS
16	20335521	20336645	UMOD	Intron
16	20336646	20336727	UMOD	Exon/CDS
16	20336728	20337290	UMOD	Intron
16	20337291	20337453	UMOD	Exon/CDS
16	20337454	20341090	UMOD	Intron
16	20341091	20341336	UMOD	Exon/CDS
16	20341337	20344023	UMOD	Intron
16	20344024	20344172	UMOD	Exon/CDS
16	20344173	20346125	UMOD	Intron
16	20346126	20346334	UMOD	Exon/CDS
16	20346335	20348222	UMOD	Intron
16	20348223	20348330	UMOD	Exon/CDS
16	20348331	20348435	UMOD	Intron
16	20348436	20349212	UMOD	Exon/CDS
16	20349213	20350649	UMOD	Intron
16	20350650	20350737	UMOD	Exon/CDS
16	20350738	20356402	UMOD	UTR5
16	20356403	20366402	UMOD	Flanking UP
16	56855207	56865206	SLC12A3	Flanking UP
16	56865207	56865235	SLC12A3	UTR5
16	56865236	56865517	SLC12A3	Exon/CDS
16	56865518	56867069	SLC12A3	Intron
16	56867070	56867216	SLC12A3	Exon/CDS
16	56867217	56868296	SLC12A3	Intron
16	56868297	56868372	SLC12A3	Exon/CDS
16	56868373	56869728	SLC12A3	Intron
16	56869729	56869824	SLC12A3	Exon/CDS
16	56869825	56870095	SLC12A3	Intron
16	56870096	56870235	SLC12A3	Exon/CDS
16	56870236	56870625	SLC12A3	Intron
16	56870626	56870736	SLC12A3	Exon/CDS
16	56870737	56872350	SLC12A3	Intron
16	56872351	56872462	SLC12A3	Exon/CDS
16	56872463	56872655	SLC12A3	Intron
16	56872656	56872786	SLC12A3	Exon/CDS
16	56872787	56878076	SLC12A3	Intron
16	56878077	56878161	SLC12A3	Exon/CDS
16	56878162	56879072	SLC12A3	Intron
16	56879073	56879227	SLC12A3	Exon/CDS
16	56879228	56879541	SLC12A3	Intron
16	56879542	56879649	SLC12A3	Exon/CDS
16	56879650	56880129	SLC12A3	Intron
16	56880130	56880253	SLC12A3	Exon/CDS
16	56880254	56882395	SLC12A3	Intron
16	56882396	56882497	SLC12A3	Exon/CDS
16	56882498	56884048	SLC12A3	Intron
16	56884049	56884204	SLC12A3	Exon/CDS
16	56884205	56885264	SLC12A3	Intron
16	56885265	56885364	SLC12A3	Exon/CDS
16	56885365	56886363	SLC12A3	Intron
16	56886364	56886475	SLC12A3	Exon/CDS
16	56886476	56886952	SLC12A3	Intron
16	56886953	56887093	SLC12A3	Exon/CDS
16	56887094	56887924	SLC12A3	Intron
16	56887925	56888031	SLC12A3	Exon/CDS
16	56888032	56890273	SLC12A3	Intron
16	56890274	56890356	SLC12A3	Exon/CDS
16	56890357	56892082	SLC12A3	Intron
16	56892083	56892133	SLC12A3	Exon/CDS
16	56892134	56892952	SLC12A3	Intron
16	56892953	56893054	SLC12A3	Exon/CDS
16	56893055	56894530	SLC12A3	Intron
16	56894531	56894642	SLC12A3	Exon/CDS
16	56894643	56899529	SLC12A3	Intron
16	56899530	56899616	SLC12A3	Exon/CDS
16	56899617	56902372	SLC12A3	Intron
16	56902373	56902508	SLC12A3	Exon/CDS
16	56902509	56904394	SLC12A3	Intron
16	56904395	56904462	SLC12A3	Exon/CDS
16	56904463	56913263	SLC12A3	Intron
16	56913264	56913405	SLC12A3	Exon/CDS
16	56913406	56915850	SLC12A3	UTR3
16	56915851	56925850	SLC12A3	Flanking Down
16	88799339	88809338	APRT	Flanking Down
16	88809339	88809697	APRT	UTR3
16	88809698	88809840	APRT	Exon/CDS
16	88809841	88810069	APRT	Intron
16	88810070	88810148	APRT	Exon/CDS
16	88810149	88810422	APRT	Intron
16	88810423	88810556	APRT	Exon/CDS
16	88810557	88811549	APRT	Intron
16	88811550	88811656	APRT	Exon/CDS
16	88811657	88811819	APRT	Intron
16	88811820	88811899	APRT	Exon/CDS
16	88811900	88811963	APRT	UTR5
16	88811964	88821963	APRT	Flanking UP
17	3626459	3636458	CTNS	Flanking UP
17	3636459	3640206	CTNS	UTR5
17	3640207	3640267	CTNS	Exon/CDS
17	3640268	3647443	CTNS	Intron
17	3647444	3647522	CTNS	Exon/CDS
17	3647523	3648846	CTNS	Intron
17	3648847	3648931	CTNS	Exon/CDS
17	3648932	3654997	CTNS	Intron
17	3654998	3655101	CTNS	Exon/CDS
17	3655102	3655220	CTNS	Intron
17	3655221	3655352	CTNS	Exon/CDS
17	3655353	3656486	CTNS	Intron
17	3656487	3656586	CTNS	Exon/CDS
17	3656587	3656675	CTNS	Intron
17	3656676	3656795	CTNS	Exon/CDS
17	3656796	3658004	CTNS	Intron
17	3658005	3658175	CTNS	Exon/CDS
17	3658176	3659857	CTNS	Intron
17	3659858	3659975	CTNS	Exon/CDS
17	3659976	3660235	CTNS	Intron
17	3660236	3660369	CTNS	Exon/CDS
17	3660370	3663103	CTNS	UTR3
17	3663104	3673103	CTNS	Flanking Down
17	37676431	37686430	HNF1B	Flanking Down
17	37686431	37687371	HNF1B	UTR3
17	37687372	37687392	HNF1B	Exon/CDS
17	37687393	37699075	HNF1B	Intron
17	37699076	37699194	HNF1B	Exon/CDS
17	37699195	37700982	HNF1B	Intron
17	37700983	37701177	HNF1B	Exon/CDS
17	37701178	37704916	HNF1B	Intron
17	37704917	37705049	HNF1B	Exon/CDS
17	37705050	37710502	HNF1B	Intron
17	37710503	37710663	HNF1B	Exon/CDS
17	37710664	37731594	HNF1B	Intron
17	37731595	37731830	HNF1B	Exon/CDS
17	37731831	37733556	HNF1B	Intron
17	37733557	37733821	HNF1B	Exon/CDS
17	37733822	37739439	HNF1B	Intron
17	37739440	37739639	HNF1B	Exon/CDS
17	37739640	37744540	HNF1B	Intron
17	37744541	37744884	HNF1B	Exon/CDS
17	37744885	37745091	HNF1B	UTR5
17	37745092	37755091	HNF1B	Flanking UP
17	44238390	44248389	SLC4A1	Flanking Down
17	44248390	44250457	SLC4A1	UTR3
17	44250458	44250538	SLC4A1	Exon/CDS
17	44250539	44251158	SLC4A1	Intron
17	44251159	44251332	SLC4A1	Exon/CDS
17	44251333	44251418	SLC4A1	Intron
17	44251419	44251588	SLC4A1	Exon/CDS
17	44251589	44253117	SLC4A1	Intron
17	44253118	44253371	SLC4A1	Exon/CDS
17	44253372	44254495	SLC4A1	Intron
17	44254496	44254662	SLC4A1	Exon/CDS
17	44254663	44255206	SLC4A1	Intron
17	44255207	44255296	SLC4A1	Exon/CDS
17	44255297	44255672	SLC4A1	Intron
17	44255673	44255846	SLC4A1	Exon/CDS
17	44255847	44257349	SLC4A1	Intron
17	44257350	44257544	SLC4A1	Exon/CDS
17	44257545	44257658	SLC4A1	Intron
17	44257659	44257807	SLC4A1	Exon/CDS
17	44257808	44257985	SLC4A1	Intron
17	44257986	44258180	SLC4A1	Exon/CDS
17	44258181	44258412	SLC4A1	Intron
17	44258413	44258623	SLC4A1	Exon/CDS
17	44258624	44259162	SLC4A1	Intron
17	44259163	44259344	SLC4A1	Exon/CDS
17	44259345	44259496	SLC4A1	Intron
17	44259497	44259581	SLC4A1	Exon/CDS
17	44259582	44259808	SLC4A1	Intron
17	44259809	44259932	SLC4A1	Exon/CDS
17	44259933	44260403	SLC4A1	Intron
17	44260404	44260539	SLC4A1	Exon/CDS
17	44260540	44260634	SLC4A1	Intron
17	44260635	44260815	SLC4A1	Exon/CDS
17	44260816	44261574	SLC4A1	Intron
17	44261575	44261636	SLC4A1	Exon/CDS
17	44261637	44262635	SLC4A1	Intron
17	44262636	44262726	SLC4A1	Exon/CDS
17	44262727	44262851	SLC4A1	Intron
17	44262852	44262866	SLC4A1	Exon/CDS
17	44262867	44268141	SLC4A1	UTR5
17	44268142	44278141	SLC4A1	Flanking UP
19	35815372	35825371	NPHS1	Flanking Down
19	35825372	35826513	NPHS1	UTR3
19	35826514	35826645	NPHS1	Exon/CDS
19	35826646	35830843	NPHS1	Intron
19	35830844	35830956	NPHS1	Exon/CDS
19	35830957	35831052	NPHS1	Intron
19	35831053	35831146	NPHS1	Exon/CDS
19	35831147	35831295	NPHS1	Intron
19	35831296	35831371	NPHS1	Exon/CDS
19	35831372	35831475	NPHS1	Intron
19	35831476	35831500	NPHS1	Exon/CDS
19	35831501	35831642	NPHS1	Intron
19	35831643	35831762	NPHS1	Exon/CDS
19	35831763	35835704	NPHS1	Intron
19	35835705	35835761	NPHS1	Exon/CDS
19	35835762	35839236	NPHS1	Intron
19	35839237	35839418	NPHS1	Exon/CDS
19	35839419	35839495	NPHS1	Intron
19	35839496	35839607	NPHS1	Exon/CDS
19	35839608	35841714	NPHS1	Intron
19	35841715	35841866	NPHS1	Exon/CDS
19	35841867	35842123	NPHS1	Intron
19	35842124	35842280	NPHS1	Exon/CDS
19	35842281	35842378	NPHS1	Intron
19	35842379	35842550	NPHS1	Exon/CDS
19	35842551	35843471	NPHS1	Intron
19	35843472	35843593	NPHS1	Exon/CDS
19	35843594	35844102	NPHS1	Intron
19	35844103	35844243	NPHS1	Exon/CDS
19	35844244	35844318	NPHS1	Intron
19	35844319	35844459	NPHS1	Exon/CDS
19	35844460	35845367	NPHS1	Intron
19	35845368	35845540	NPHS1	Exon/CDS
19	35845541	35845668	NPHS1	Intron
19	35845669	35845798	NPHS1	Exon/CDS
19	35845799	35846007	NPHS1	Intron
19	35846008	35846194	NPHS1	Exon/CDS
19	35846195	35848040	NPHS1	Intron
19	35848041	35848165	NPHS1	Exon/CDS
19	35848166	35848252	NPHS1	Intron
19	35848253	35848397	NPHS1	Exon/CDS
19	35848398	35848636	NPHS1	Intron
19	35848637	35848794	NPHS1	Exon/CDS
19	35848795	35848975	NPHS1	Intron
19	35848976	35849147	NPHS1	Exon/CDS
19	35849148	35849235	NPHS1	Intron
19	35849236	35849363	NPHS1	Exon/CDS
19	35849364	35849549	NPHS1	Intron
19	35849550	35849653	NPHS1	Exon/CDS
19	35849654	35850363	NPHS1	Intron
19	35850364	35850445	NPHS1	Exon/CDS
19	35850446	35850960	NPHS1	Intron
19	35850961	35851089	NPHS1	Exon/CDS
19	35851090	35851261	NPHS1	Intron
19	35851262	35851384	NPHS1	Exon/CDS
19	35851385	35851456	NPHS1	Intron
19	35851457	35851672	NPHS1	Exon/CDS
19	35851673	35851779	NPHS1	Intron
19	35851780	35851837	NPHS1	Exon/CDS
19	35851838	35869287	NPHS1	UTR5
19	35869288	35879287	NPHS1	Flanking UP
X	49912596	49922595	CLCN5	Flanking UP
X	49922596	49925298	CLCN5	UTR5
X	49925299	49925314	CLCN5	Exon/CDS
X	49925315	50042315	CLCN5	Intron
X	50042316	50042462	CLCN5	Exon/CDS
X	50042463	50069878	CLCN5	Intron
X	50069879	50070030	CLCN5	Exon/CDS
X	50070031	50072488	CLCN5	Intron
X	50072489	50072588	CLCN5	Exon/CDS
X	50072589	50075794	CLCN5	Intron
X	50075795	50075982	CLCN5	Exon/CDS
X	50075983	50080593	CLCN5	Intron
X	50080594	50080716	CLCN5	Exon/CDS
X	50080717	50081640	CLCN5	Intron
X	50081641	50081847	CLCN5	Exon/CDS
X	50081848	50085979	CLCN5	Intron
X	50085980	50086060	CLCN5	Exon/CDS
X	50086061	50086327	CLCN5	Intron
X	50086328	50086870	CLCN5	Exon/CDS
X	50086871	50088697	CLCN5	Intron
X	50088698	50088884	CLCN5	Exon/CDS
X	50088885	50090115	CLCN5	Intron
X	50090116	50090514	CLCN5	Exon/CDS
X	50090515	50090669	CLCN5	Intron
X	50090670	50090886	CLCN5	Exon/CDS
X	50090887	50092128	CLCN5	Intron
X	50092129	50092219	CLCN5	Exon/CDS
X	50092220	50099235	CLCN5	UTR3
X	50099236	50109235	CLCN5	Flanking Down
X	108429745	108439744	COL4A5	Flanking UP
X	108439745	108440125	COL4A5	UTR5
X	108440126	108440206	COL4A5	Exon/CDS
X	108440207	108539745	COL4A5	Intron
X	108539746	108539805	COL4A5	Exon/CDS
X	108539806	108559063	COL4A5	Intron
X	108559064	108559153	COL4A5	Exon/CDS
X	108559154	108563881	COL4A5	Intron
X	108563882	108563926	COL4A5	Exon/CDS
X	108563927	108568628	COL4A5	Intron
X	108568629	108568673	COL4A5	Exon/CDS
X	108568674	108568758	COL4A5	Intron
X	108568759	108568821	COL4A5	Exon/CDS
X	108568822	108571412	COL4A5	Intron
X	108571413	108571466	COL4A5	Exon/CDS
X	108571467	108571810	COL4A5	Intron
X	108571811	108571837	COL4A5	Exon/CDS
X	108571838	108573573	COL4A5	Intron
X	108573574	108573654	COL4A5	Exon/CDS
X	108573655	108575909	COL4A5	Intron
X	108575910	108575972	COL4A5	Exon/CDS
X	108575973	108577951	COL4A5	Intron
X	108577952	108577987	COL4A5	Exon/CDS
X	108577988	108578077	COL4A5	Intron
X	108578078	108578119	COL4A5	Exon/CDS
X	108578120	108578290	COL4A5	Intron
X	108578291	108578383	COL4A5	Exon/CDS
X	108578384	108580532	COL4A5	Intron
X	108580533	108580586	COL4A5	Exon/CDS
X	108580587	108580681	COL4A5	Intron
X	108580682	108580738	COL4A5	Exon/CDS
X	108580739	108580982	COL4A5	Intron
X	108580983	108581027	COL4A5	Exon/CDS
X	108581028	108582883	COL4A5	Intron
X	108582884	108582937	COL4A5	Exon/CDS
X	108582938	108584483	COL4A5	Intron
X	108584484	108584525	COL4A5	Exon/CDS
X	108584526	108586614	COL4A5	Intron
X	108586615	108586747	COL4A5	Exon/CDS
X	108586748	108591057	COL4A5	Intron
X	108591058	108591231	COL4A5	Exon/CDS
X	108591232	108591560	COL4A5	Intron
X	108591561	108591644	COL4A5	Exon/CDS
X	108591645	108595508	COL4A5	Intron
X	108595509	108595601	COL4A5	Exon/CDS
X	108595602	108596997	COL4A5	Intron
X	108596998	108597068	COL4A5	Exon/CDS
X	108597069	108597376	COL4A5	Intron
X	108597377	108597568	COL4A5	Exon/CDS
X	108597569	108598701	COL4A5	Intron
X	108598702	108598870	COL4A5	Exon/CDS
X	108598871	108601392	COL4A5	Intron
X	108601393	108601485	COL4A5	Exon/CDS
X	108601486	108601884	COL4A5	Intron
X	108601885	108601989	COL4A5	Exon/CDS
X	108601990	108602963	COL4A5	Intron
X	108602964	108603061	COL4A5	Exon/CDS
X	108603062	108606741	COL4A5	Intron
X	108606742	108606892	COL4A5	Exon/CDS
X	108606893	108614910	COL4A5	Intron
X	108614911	108615024	COL4A5	Exon/CDS
X	108615025	108620258	COL4A5	Intron
X	108620259	108620426	COL4A5	Exon/CDS
X	108620427	108621802	COL4A5	Intron
X	108621803	108621892	COL4A5	Exon/CDS
X	108621893	108622675	COL4A5	Intron
X	108622676	108622825	COL4A5	Exon/CDS
X	108622826	108624235	COL4A5	Intron
X	108624236	108624334	COL4A5	Exon/CDS
X	108624335	108625704	COL4A5	Intron
X	108625705	108625794	COL4A5	Exon/CDS
X	108625795	108626209	COL4A5	Intron
X	108626210	108626349	COL4A5	Exon/CDS
X	108626350	108655330	COL4A5	Intron
X	108655331	108655457	COL4A5	Exon/CDS
X	108655458	108665506	COL4A5	Intron
X	108665507	108665587	COL4A5	Exon/CDS
X	108665588	108666495	COL4A5	Intron
X	108666496	108666594	COL4A5	Exon/CDS
X	108666595	108667132	COL4A5	Intron
X	108667133	108667183	COL4A5	Exon/CDS
X	108667184	108668318	COL4A5	Intron
X	108668319	108668504	COL4A5	Exon/CDS
X	108668505	108670227	COL4A5	Intron
X	108670228	108670236	COL4A5	Exon/CDS
X	108670237	108674744	COL4A5	Intron
X	108674745	108674753	COL4A5	Exon/CDS
X	108674754	108677499	COL4A5	Intron
X	108677500	108677633	COL4A5	Exon/CDS
X	108677634	108680678	COL4A5	Intron
X	108680679	108680751	COL4A5	Exon/CDS
X	108680752	108680884	COL4A5	Intron
X	108680885	108680956	COL4A5	Exon/CDS
X	108680957	108681759	COL4A5	Intron
X	108681760	108681888	COL4A5	Exon/CDS
X	108681889	108686030	COL4A5	Intron
X	108686031	108686129	COL4A5	Exon/CDS
X	108686130	108687481	COL4A5	Intron
X	108687482	108687694	COL4A5	Exon/CDS
X	108687695	108692747	COL4A5	Intron
X	108692748	108692925	COL4A5	Exon/CDS
X	108692926	108694806	COL4A5	Intron
X	108694807	108694921	COL4A5	Exon/CDS
X	108694922	108695266	COL4A5	Intron
X	108695267	108695439	COL4A5	Exon/CDS
X	108695440	108696296	COL4A5	Intron
X	108696297	108696378	COL4A5	Exon/CDS
X	108696379	108697547	COL4A5	UTR3
X	108697548	108707547	COL4A5	Flanking Down
X	153892531	153902530	AVPR2	Flanking UP
X	153902531	153905145	AVPR2	UTR5
X	153905146	153905170	AVPR2	Exon/CDS
X	153905171	153905531	AVPR2	Intron
X	153905532	153906416	AVPR2	Exon/CDS
X	153906417	153906522	AVPR2	Intron
X	153906523	153906728	AVPR2	Exon/CDS
X	153906729	153907166	AVPR2	UTR3
X	153907167	153917166	AVPR2	Flanking Down
